Bulan,Store,Warna,Item,COGS,OH Qty,OD Qty,WIP Qty,HPP,Inventory Akhir,Inventory Awal
Sep-2026,MAMU BTP,COLLAR SHIRT MAMU,RELAXED STAND COLLAR LS SHIRT BLACK L,0,15,0,0,179000,2685000,0
Okt-2026,MAMU BTP,COLLAR SHIRT MAMU,RELAXED STAND COLLAR LS SHIRT BLACK L,84119,14,0,0,179000,2506000,2685000
Sep-2026,MAMU BTP,COLLAR SHIRT MAMU,RELAXED STAND COLLAR LS SHIRT BLACK M,0,15,0,0,179000,2685000,0
Okt-2026,MAMU BTP,COLLAR SHIRT MAMU,RELAXED STAND COLLAR LS SHIRT BLACK M,0,15,0,0,179000,2685000,2685000
Sep-2026,MAMU BTP,COLLAR SHIRT MAMU,RELAXED STAND COLLAR LS SHIRT BLACK S,84119,3,0,0,179000,537000,0
Okt-2026,MAMU BTP,COLLAR SHIRT MAMU,RELAXED STAND COLLAR LS SHIRT BLACK S,0,3,0,0,179000,537000,537000
Sep-2026,MAMU BTP,COLLAR SHIRT MAMU,RELAXED STAND COLLAR LS SHIRT BLACK XL,84119,4,0,0,179000,716000,0
Okt-2026,MAMU BTP,COLLAR SHIRT MAMU,RELAXED STAND COLLAR LS SHIRT BLACK XL,0,4,0,0,179000,716000,716000
Sep-2026,MAMU BTP,COLLAR SHIRT MAMU,RELAXED STAND COLLAR LS SHIRT BROKEN WHITE L,84119,8,0,0,179000,1432000,0
Okt-2026,MAMU BTP,COLLAR SHIRT MAMU,RELAXED STAND COLLAR LS SHIRT BROKEN WHITE L,84119,6,0,0,179000,1074000,1432000
Sep-2026,MAMU BTP,COLLAR SHIRT MAMU,RELAXED STAND COLLAR LS SHIRT BROKEN WHITE M,0,8,0,0,179000,1432000,0
Okt-2026,MAMU BTP,COLLAR SHIRT MAMU,RELAXED STAND COLLAR LS SHIRT BROKEN WHITE M,84119,7,0,0,179000,1253000,1432000
Sep-2026,MAMU BTP,COLLAR SHIRT MAMU,RELAXED STAND COLLAR LS SHIRT BROKEN WHITE S,0,2,0,0,179000,358000,0
Okt-2026,MAMU BTP,COLLAR SHIRT MAMU,RELAXED STAND COLLAR LS SHIRT BROKEN WHITE S,0,2,0,0,179000,358000,358000
Sep-2026,MAMU BTP,COLLAR SHIRT MAMU,RELAXED STAND COLLAR LS SHIRT BROKEN WHITE XL,0,3,0,0,179000,537000,0
Okt-2026,MAMU BTP,COLLAR SHIRT MAMU,RELAXED STAND COLLAR LS SHIRT BROKEN WHITE XL,0,3,0,0,179000,537000,537000
Sep-2026,MAMU BTP,COLLAR SHIRT MAMU,RELAXED STAND COLLAR LS SHIRT ECRU L,0,8,0,0,179000,1432000,0
Okt-2026,MAMU BTP,COLLAR SHIRT MAMU,RELAXED STAND COLLAR LS SHIRT ECRU L,84119,7,0,0,179000,1253000,1432000
Sep-2026,MAMU BTP,COLLAR SHIRT MAMU,RELAXED STAND COLLAR LS SHIRT ECRU M,0,8,0,0,179000,1432000,0
Okt-2026,MAMU BTP,COLLAR SHIRT MAMU,RELAXED STAND COLLAR LS SHIRT ECRU M,0,8,0,0,179000,1432000,1432000
Sep-2026,MAMU BTP,COLLAR SHIRT MAMU,RELAXED STAND COLLAR LS SHIRT ECRU S,0,2,0,0,179000,358000,0
Okt-2026,MAMU BTP,COLLAR SHIRT MAMU,RELAXED STAND COLLAR LS SHIRT ECRU S,0,2,0,0,179000,358000,358000
Sep-2026,MAMU BTP,COLLAR SHIRT MAMU,RELAXED STAND COLLAR LS SHIRT ECRU XL,0,3,0,0,179000,537000,0
Okt-2026,MAMU BTP,COLLAR SHIRT MAMU,RELAXED STAND COLLAR LS SHIRT ECRU XL,0,3,0,0,179000,537000,537000
Sep-2026,MAMU BTP,COLLAR SHIRT MAMU,RELAXED STAND COLLAR LS SHIRT LIGHT GREY L,0,8,0,0,179000,1432000,0
Okt-2026,MAMU BTP,COLLAR SHIRT MAMU,RELAXED STAND COLLAR LS SHIRT LIGHT GREY L,0,8,0,0,179000,1432000,1432000
Sep-2026,MAMU BTP,COLLAR SHIRT MAMU,RELAXED STAND COLLAR LS SHIRT LIGHT GREY M,0,7,0,0,179000,1253000,0
Okt-2026,MAMU BTP,COLLAR SHIRT MAMU,RELAXED STAND COLLAR LS SHIRT LIGHT GREY M,0,7,0,0,179000,1253000,1253000
Sep-2026,MAMU BTP,COLLAR SHIRT MAMU,RELAXED STAND COLLAR LS SHIRT LIGHT GREY S,0,2,0,0,179000,358000,0
Okt-2026,MAMU BTP,COLLAR SHIRT MAMU,RELAXED STAND COLLAR LS SHIRT LIGHT GREY S,0,2,0,0,179000,358000,358000
Sep-2026,MAMU BTP,COLLAR SHIRT MAMU,RELAXED STAND COLLAR LS SHIRT LIGHT GREY XL,0,3,0,0,179000,537000,0
Okt-2026,MAMU BTP,COLLAR SHIRT MAMU,RELAXED STAND COLLAR LS SHIRT LIGHT GREY XL,0,3,0,0,179000,537000,537000
Sep-2026,MAMU BTP,COLLAR SHIRT MAMU,RELAXED STAND COLLAR SS SHIRT BLACK L,0,17,0,0,159000,2703000,0
Okt-2026,MAMU BTP,COLLAR SHIRT MAMU,RELAXED STAND COLLAR SS SHIRT BLACK L,0,17,0,0,159000,2703000,2703000
Sep-2026,MAMU BTP,COLLAR SHIRT MAMU,RELAXED STAND COLLAR SS SHIRT BLACK M,0,17,0,0,159000,2703000,0
Okt-2026,MAMU BTP,COLLAR SHIRT MAMU,RELAXED STAND COLLAR SS SHIRT BLACK M,76619,16,0,0,159000,2544000,2703000
Sep-2026,MAMU BTP,COLLAR SHIRT MAMU,RELAXED STAND COLLAR SS SHIRT BLACK S,0,5,0,0,159000,795000,0
Okt-2026,MAMU BTP,COLLAR SHIRT MAMU,RELAXED STAND COLLAR SS SHIRT BLACK S,0,5,0,0,159000,795000,795000
Sep-2026,MAMU BTP,COLLAR SHIRT MAMU,RELAXED STAND COLLAR SS SHIRT BLACK XL,0,6,0,0,159000,954000,0
Okt-2026,MAMU BTP,COLLAR SHIRT MAMU,RELAXED STAND COLLAR SS SHIRT BLACK XL,0,6,0,0,159000,954000,954000
Sep-2026,MAMU BTP,COLLAR SHIRT MAMU,RELAXED STAND COLLAR SS SHIRT CREAM L,0,8,0,0,159000,1272000,0
Okt-2026,MAMU BTP,COLLAR SHIRT MAMU,RELAXED STAND COLLAR SS SHIRT CREAM L,0,8,0,0,159000,1272000,1272000
Sep-2026,MAMU BTP,COLLAR SHIRT MAMU,RELAXED STAND COLLAR SS SHIRT CREAM M,0,8,0,0,159000,1272000,0
Okt-2026,MAMU BTP,COLLAR SHIRT MAMU,RELAXED STAND COLLAR SS SHIRT CREAM M,0,8,0,0,159000,1272000,1272000
Sep-2026,MAMU BTP,COLLAR SHIRT MAMU,RELAXED STAND COLLAR SS SHIRT CREAM S,0,2,0,0,159000,318000,0
Okt-2026,MAMU BTP,COLLAR SHIRT MAMU,RELAXED STAND COLLAR SS SHIRT CREAM S,0,2,0,0,159000,318000,318000
Sep-2026,MAMU BTP,COLLAR SHIRT MAMU,RELAXED STAND COLLAR SS SHIRT CREAM XL,0,4,0,0,159000,636000,0
Okt-2026,MAMU BTP,COLLAR SHIRT MAMU,RELAXED STAND COLLAR SS SHIRT CREAM XL,0,4,0,0,159000,636000,636000
Sep-2026,MAMU BTP,COLLAR SHIRT MAMU,RELAXED STAND COLLAR SS SHIRT NAVY L,0,8,0,0,159000,1272000,0
Okt-2026,MAMU BTP,COLLAR SHIRT MAMU,RELAXED STAND COLLAR SS SHIRT NAVY L,0,8,0,0,159000,1272000,1272000
Sep-2026,MAMU BTP,COLLAR SHIRT MAMU,RELAXED STAND COLLAR SS SHIRT NAVY M,0,8,0,0,159000,1272000,0
Okt-2026,MAMU BTP,COLLAR SHIRT MAMU,RELAXED STAND COLLAR SS SHIRT NAVY M,0,8,0,0,159000,1272000,1272000
Sep-2026,MAMU BTP,COLLAR SHIRT MAMU,RELAXED STAND COLLAR SS SHIRT NAVY S,0,2,0,0,159000,318000,0
Okt-2026,MAMU BTP,COLLAR SHIRT MAMU,RELAXED STAND COLLAR SS SHIRT NAVY S,0,2,0,0,159000,318000,318000
Sep-2026,MAMU BTP,COLLAR SHIRT MAMU,RELAXED STAND COLLAR SS SHIRT NAVY XL,0,3,0,0,159000,477000,0
Okt-2026,MAMU BTP,COLLAR SHIRT MAMU,RELAXED STAND COLLAR SS SHIRT NAVY XL,0,3,0,0,159000,477000,477000
Sep-2026,MAMU BTP,COLLAR SHIRT MAMU,RELAXED STAND COLLAR SS SHIRT OLIVE L,76619,8,0,0,159000,1272000,0
Okt-2026,MAMU BTP,COLLAR SHIRT MAMU,RELAXED STAND COLLAR SS SHIRT OLIVE L,0,7,0,0,159000,1113000,1272000
Sep-2026,MAMU BTP,COLLAR SHIRT MAMU,RELAXED STAND COLLAR SS SHIRT OLIVE M,0,8,0,0,159000,1272000,0
Okt-2026,MAMU BTP,COLLAR SHIRT MAMU,RELAXED STAND COLLAR SS SHIRT OLIVE M,0,8,0,0,159000,1272000,1272000
Sep-2026,MAMU BTP,COLLAR SHIRT MAMU,RELAXED STAND COLLAR SS SHIRT OLIVE S,0,3,0,0,159000,477000,0
Okt-2026,MAMU BTP,COLLAR SHIRT MAMU,RELAXED STAND COLLAR SS SHIRT OLIVE S,0,3,0,0,159000,477000,477000
Sep-2026,MAMU BTP,COLLAR SHIRT MAMU,RELAXED STAND COLLAR SS SHIRT OLIVE XL,0,3,0,0,159000,477000,0
Okt-2026,MAMU BTP,COLLAR SHIRT MAMU,RELAXED STAND COLLAR SS SHIRT OLIVE XL,0,3,0,0,159000,477000,477000
Sep-2026,MAMU GOWA,COLLAR SHIRT MAMU,RELAXED STAND COLLAR LS SHIRT BLACK L,0,8,0,0,179000,1432000,0
Okt-2026,MAMU GOWA,COLLAR SHIRT MAMU,RELAXED STAND COLLAR LS SHIRT BLACK L,0,8,0,0,179000,1432000,1432000
Sep-2026,MAMU GOWA,COLLAR SHIRT MAMU,RELAXED STAND COLLAR LS SHIRT BLACK M,0,7,0,0,179000,1253000,0
Okt-2026,MAMU GOWA,COLLAR SHIRT MAMU,RELAXED STAND COLLAR LS SHIRT BLACK M,0,7,0,0,179000,1253000,1253000
Sep-2026,MAMU GOWA,COLLAR SHIRT MAMU,RELAXED STAND COLLAR LS SHIRT BLACK S,0,2,0,0,179000,358000,0
Okt-2026,MAMU GOWA,COLLAR SHIRT MAMU,RELAXED STAND COLLAR LS SHIRT BLACK S,0,2,0,0,179000,358000,358000
Sep-2026,MAMU GOWA,COLLAR SHIRT MAMU,RELAXED STAND COLLAR LS SHIRT BLACK XL,0,3,0,0,179000,537000,0
Okt-2026,MAMU GOWA,COLLAR SHIRT MAMU,RELAXED STAND COLLAR LS SHIRT BLACK XL,0,3,0,0,179000,537000,537000
Sep-2026,MAMU GOWA,COLLAR SHIRT MAMU,RELAXED STAND COLLAR LS SHIRT BROKEN WHITE L,0,4,0,0,179000,716000,0
Okt-2026,MAMU GOWA,COLLAR SHIRT MAMU,RELAXED STAND COLLAR LS SHIRT BROKEN WHITE L,0,4,0,0,179000,716000,716000
Sep-2026,MAMU GOWA,COLLAR SHIRT MAMU,RELAXED STAND COLLAR LS SHIRT BROKEN WHITE M,84119,4,0,0,179000,716000,0
Okt-2026,MAMU GOWA,COLLAR SHIRT MAMU,RELAXED STAND COLLAR LS SHIRT BROKEN WHITE M,0,3,0,0,179000,537000,716000
Sep-2026,MAMU GOWA,COLLAR SHIRT MAMU,RELAXED STAND COLLAR LS SHIRT BROKEN WHITE S,0,1,0,0,179000,179000,0
Okt-2026,MAMU GOWA,COLLAR SHIRT MAMU,RELAXED STAND COLLAR LS SHIRT BROKEN WHITE S,84119,0,0,0,179000,0,179000
Sep-2026,MAMU GOWA,COLLAR SHIRT MAMU,RELAXED STAND COLLAR LS SHIRT BROKEN WHITE XL,0,1,0,0,179000,179000,0
Okt-2026,MAMU GOWA,COLLAR SHIRT MAMU,RELAXED STAND COLLAR LS SHIRT BROKEN WHITE XL,0,1,0,0,179000,179000,179000
Sep-2026,MAMU GOWA,COLLAR SHIRT MAMU,RELAXED STAND COLLAR LS SHIRT ECRU L,0,4,0,0,179000,716000,0
Okt-2026,MAMU GOWA,COLLAR SHIRT MAMU,RELAXED STAND COLLAR LS SHIRT ECRU L,0,4,0,0,179000,716000,716000
Sep-2026,MAMU GOWA,COLLAR SHIRT MAMU,RELAXED STAND COLLAR LS SHIRT ECRU M,0,4,0,0,179000,716000,0
Okt-2026,MAMU GOWA,COLLAR SHIRT MAMU,RELAXED STAND COLLAR LS SHIRT ECRU M,0,4,0,0,179000,716000,716000
Sep-2026,MAMU GOWA,COLLAR SHIRT MAMU,RELAXED STAND COLLAR LS SHIRT ECRU S,0,1,0,0,179000,179000,0
Okt-2026,MAMU GOWA,COLLAR SHIRT MAMU,RELAXED STAND COLLAR LS SHIRT ECRU S,84119,0,0,0,179000,0,179000
Sep-2026,MAMU GOWA,COLLAR SHIRT MAMU,RELAXED STAND COLLAR LS SHIRT ECRU XL,0,2,0,0,179000,358000,0
Okt-2026,MAMU GOWA,COLLAR SHIRT MAMU,RELAXED STAND COLLAR LS SHIRT ECRU XL,0,2,0,0,179000,358000,358000
Sep-2026,MAMU GOWA,COLLAR SHIRT MAMU,RELAXED STAND COLLAR LS SHIRT LIGHT GREY L,0,4,0,0,179000,716000,0
Okt-2026,MAMU GOWA,COLLAR SHIRT MAMU,RELAXED STAND COLLAR LS SHIRT LIGHT GREY L,0,4,0,0,179000,716000,716000
Sep-2026,MAMU GOWA,COLLAR SHIRT MAMU,RELAXED STAND COLLAR LS SHIRT LIGHT GREY M,0,4,0,0,179000,716000,0
Okt-2026,MAMU GOWA,COLLAR SHIRT MAMU,RELAXED STAND COLLAR LS SHIRT LIGHT GREY M,84119,3,0,0,179000,537000,716000
Sep-2026,MAMU GOWA,COLLAR SHIRT MAMU,RELAXED STAND COLLAR LS SHIRT LIGHT GREY S,84119,0,0,0,179000,0,0
Sep-2026,MAMU GOWA,COLLAR SHIRT MAMU,RELAXED STAND COLLAR LS SHIRT LIGHT GREY XL,0,2,0,0,179000,358000,0
Okt-2026,MAMU GOWA,COLLAR SHIRT MAMU,RELAXED STAND COLLAR LS SHIRT LIGHT GREY XL,0,2,0,0,179000,358000,358000
Sep-2026,MAMU GOWA,COLLAR SHIRT MAMU,RELAXED STAND COLLAR SS SHIRT BLACK L,0,9,0,0,159000,1431000,0
Okt-2026,MAMU GOWA,COLLAR SHIRT MAMU,RELAXED STAND COLLAR SS SHIRT BLACK L,0,9,0,0,159000,1431000,1431000
Sep-2026,MAMU GOWA,COLLAR SHIRT MAMU,RELAXED STAND COLLAR SS SHIRT BLACK M,0,8,0,0,159000,1272000,0
Okt-2026,MAMU GOWA,COLLAR SHIRT MAMU,RELAXED STAND COLLAR SS SHIRT BLACK M,0,8,0,0,159000,1272000,1272000
Sep-2026,MAMU GOWA,COLLAR SHIRT MAMU,RELAXED STAND COLLAR SS SHIRT BLACK S,0,3,0,0,159000,477000,0
Okt-2026,MAMU GOWA,COLLAR SHIRT MAMU,RELAXED STAND COLLAR SS SHIRT BLACK S,0,3,0,0,159000,477000,477000
Sep-2026,MAMU GOWA,COLLAR SHIRT MAMU,RELAXED STAND COLLAR SS SHIRT BLACK XL,0,3,0,0,159000,477000,0
Okt-2026,MAMU GOWA,COLLAR SHIRT MAMU,RELAXED STAND COLLAR SS SHIRT BLACK XL,0,3,0,0,159000,477000,477000
Sep-2026,MAMU GOWA,COLLAR SHIRT MAMU,RELAXED STAND COLLAR SS SHIRT CREAM L,76619,4,0,0,159000,636000,0
Okt-2026,MAMU GOWA,COLLAR SHIRT MAMU,RELAXED STAND COLLAR SS SHIRT CREAM L,0,3,0,0,159000,477000,636000
Sep-2026,MAMU GOWA,COLLAR SHIRT MAMU,RELAXED STAND COLLAR SS SHIRT CREAM M,0,4,0,0,159000,636000,0
Okt-2026,MAMU GOWA,COLLAR SHIRT MAMU,RELAXED STAND COLLAR SS SHIRT CREAM M,0,4,0,0,159000,636000,636000
Sep-2026,MAMU GOWA,COLLAR SHIRT MAMU,RELAXED STAND COLLAR SS SHIRT CREAM S,0,1,0,0,159000,159000,0
Okt-2026,MAMU GOWA,COLLAR SHIRT MAMU,RELAXED STAND COLLAR SS SHIRT CREAM S,0,1,0,0,159000,159000,159000
Sep-2026,MAMU GOWA,COLLAR SHIRT MAMU,RELAXED STAND COLLAR SS SHIRT CREAM XL,0,2,0,0,159000,318000,0
Okt-2026,MAMU GOWA,COLLAR SHIRT MAMU,RELAXED STAND COLLAR SS SHIRT CREAM XL,0,2,0,0,159000,318000,318000
Sep-2026,MAMU GOWA,COLLAR SHIRT MAMU,RELAXED STAND COLLAR SS SHIRT NAVY L,0,4,0,0,159000,636000,0
Okt-2026,MAMU GOWA,COLLAR SHIRT MAMU,RELAXED STAND COLLAR SS SHIRT NAVY L,0,4,0,0,159000,636000,636000
Sep-2026,MAMU GOWA,COLLAR SHIRT MAMU,RELAXED STAND COLLAR SS SHIRT NAVY M,0,4,0,0,159000,636000,0
Okt-2026,MAMU GOWA,COLLAR SHIRT MAMU,RELAXED STAND COLLAR SS SHIRT NAVY M,0,4,0,0,159000,636000,636000
Sep-2026,MAMU GOWA,COLLAR SHIRT MAMU,RELAXED STAND COLLAR SS SHIRT NAVY S,0,1,0,0,159000,159000,0
Okt-2026,MAMU GOWA,COLLAR SHIRT MAMU,RELAXED STAND COLLAR SS SHIRT NAVY S,0,1,0,0,159000,159000,159000
Sep-2026,MAMU GOWA,COLLAR SHIRT MAMU,RELAXED STAND COLLAR SS SHIRT NAVY XL,0,2,0,0,159000,318000,0
Okt-2026,MAMU GOWA,COLLAR SHIRT MAMU,RELAXED STAND COLLAR SS SHIRT NAVY XL,0,2,0,0,159000,318000,318000
Sep-2026,MAMU GOWA,COLLAR SHIRT MAMU,RELAXED STAND COLLAR SS SHIRT OLIVE L,0,4,0,0,159000,636000,0
Okt-2026,MAMU GOWA,COLLAR SHIRT MAMU,RELAXED STAND COLLAR SS SHIRT OLIVE L,0,4,0,0,159000,636000,636000
Sep-2026,MAMU GOWA,COLLAR SHIRT MAMU,RELAXED STAND COLLAR SS SHIRT OLIVE M,0,4,0,0,159000,636000,0
Okt-2026,MAMU GOWA,COLLAR SHIRT MAMU,RELAXED STAND COLLAR SS SHIRT OLIVE M,0,4,0,0,159000,636000,636000
Sep-2026,MAMU GOWA,COLLAR SHIRT MAMU,RELAXED STAND COLLAR SS SHIRT OLIVE S,0,1,0,0,159000,159000,0
Okt-2026,MAMU GOWA,COLLAR SHIRT MAMU,RELAXED STAND COLLAR SS SHIRT OLIVE S,0,1,0,0,159000,159000,159000
Sep-2026,MAMU GOWA,COLLAR SHIRT MAMU,RELAXED STAND COLLAR SS SHIRT OLIVE XL,0,2,0,0,159000,318000,0
Okt-2026,MAMU GOWA,COLLAR SHIRT MAMU,RELAXED STAND COLLAR SS SHIRT OLIVE XL,0,2,0,0,159000,318000,318000
Sep-2026,MAMU MAKASSAR,COLLAR SHIRT MAMU,RELAXED STAND COLLAR LS SHIRT BLACK L,0,15,0,0,179000,2685000,0
Okt-2026,MAMU MAKASSAR,COLLAR SHIRT MAMU,RELAXED STAND COLLAR LS SHIRT BLACK L,0,15,0,0,179000,2685000,2685000
Sep-2026,MAMU MAKASSAR,COLLAR SHIRT MAMU,RELAXED STAND COLLAR LS SHIRT BLACK M,0,15,0,0,179000,2685000,0
Okt-2026,MAMU MAKASSAR,COLLAR SHIRT MAMU,RELAXED STAND COLLAR LS SHIRT BLACK M,0,15,0,0,179000,2685000,2685000
Sep-2026,MAMU MAKASSAR,COLLAR SHIRT MAMU,RELAXED STAND COLLAR LS SHIRT BLACK S,0,4,0,0,179000,716000,0
Okt-2026,MAMU MAKASSAR,COLLAR SHIRT MAMU,RELAXED STAND COLLAR LS SHIRT BLACK S,0,4,0,0,179000,716000,716000
Sep-2026,MAMU MAKASSAR,COLLAR SHIRT MAMU,RELAXED STAND COLLAR LS SHIRT BLACK XL,0,5,0,0,179000,895000,0
Okt-2026,MAMU MAKASSAR,COLLAR SHIRT MAMU,RELAXED STAND COLLAR LS SHIRT BLACK XL,84119,4,0,0,179000,716000,895000
Sep-2026,MAMU MAKASSAR,COLLAR SHIRT MAMU,RELAXED STAND COLLAR LS SHIRT BROKEN WHITE L,84119,8,0,0,179000,1432000,0
Okt-2026,MAMU MAKASSAR,COLLAR SHIRT MAMU,RELAXED STAND COLLAR LS SHIRT BROKEN WHITE L,336476,3,0,0,179000,537000,1432000
Sep-2026,MAMU MAKASSAR,COLLAR SHIRT MAMU,RELAXED STAND COLLAR LS SHIRT BROKEN WHITE M,0,8,0,0,179000,1432000,0
Okt-2026,MAMU MAKASSAR,COLLAR SHIRT MAMU,RELAXED STAND COLLAR LS SHIRT BROKEN WHITE M,0,8,0,0,179000,1432000,1432000
Sep-2026,MAMU MAKASSAR,COLLAR SHIRT MAMU,RELAXED STAND COLLAR LS SHIRT BROKEN WHITE S,0,2,0,0,179000,358000,0
Okt-2026,MAMU MAKASSAR,COLLAR SHIRT MAMU,RELAXED STAND COLLAR LS SHIRT BROKEN WHITE S,84119,1,0,0,179000,179000,358000
Sep-2026,MAMU MAKASSAR,COLLAR SHIRT MAMU,RELAXED STAND COLLAR LS SHIRT BROKEN WHITE XL,0,3,0,0,179000,537000,0
Okt-2026,MAMU MAKASSAR,COLLAR SHIRT MAMU,RELAXED STAND COLLAR LS SHIRT BROKEN WHITE XL,84119,2,0,0,179000,358000,537000
Sep-2026,MAMU MAKASSAR,COLLAR SHIRT MAMU,RELAXED STAND COLLAR LS SHIRT ECRU L,0,8,0,0,179000,1432000,0
Okt-2026,MAMU MAKASSAR,COLLAR SHIRT MAMU,RELAXED STAND COLLAR LS SHIRT ECRU L,0,8,0,0,179000,1432000,1432000
Sep-2026,MAMU MAKASSAR,COLLAR SHIRT MAMU,RELAXED STAND COLLAR LS SHIRT ECRU M,0,8,0,0,179000,1432000,0
Okt-2026,MAMU MAKASSAR,COLLAR SHIRT MAMU,RELAXED STAND COLLAR LS SHIRT ECRU M,0,8,0,0,179000,1432000,1432000
Sep-2026,MAMU MAKASSAR,COLLAR SHIRT MAMU,RELAXED STAND COLLAR LS SHIRT ECRU S,0,2,0,0,179000,358000,0
Okt-2026,MAMU MAKASSAR,COLLAR SHIRT MAMU,RELAXED STAND COLLAR LS SHIRT ECRU S,0,2,0,0,179000,358000,358000
Sep-2026,MAMU MAKASSAR,COLLAR SHIRT MAMU,RELAXED STAND COLLAR LS SHIRT ECRU XL,0,3,0,0,179000,537000,0
Okt-2026,MAMU MAKASSAR,COLLAR SHIRT MAMU,RELAXED STAND COLLAR LS SHIRT ECRU XL,0,3,0,0,179000,537000,537000
Sep-2026,MAMU MAKASSAR,COLLAR SHIRT MAMU,RELAXED STAND COLLAR LS SHIRT LIGHT GREY L,0,8,0,0,179000,1432000,0
Okt-2026,MAMU MAKASSAR,COLLAR SHIRT MAMU,RELAXED STAND COLLAR LS SHIRT LIGHT GREY L,168238,6,0,0,179000,1074000,1432000
Sep-2026,MAMU MAKASSAR,COLLAR SHIRT MAMU,RELAXED STAND COLLAR LS SHIRT LIGHT GREY M,0,7,0,0,179000,1253000,0
Okt-2026,MAMU MAKASSAR,COLLAR SHIRT MAMU,RELAXED STAND COLLAR LS SHIRT LIGHT GREY M,0,7,0,0,179000,1253000,1253000
Sep-2026,MAMU MAKASSAR,COLLAR SHIRT MAMU,RELAXED STAND COLLAR LS SHIRT LIGHT GREY S,0,2,0,0,179000,358000,0
Okt-2026,MAMU MAKASSAR,COLLAR SHIRT MAMU,RELAXED STAND COLLAR LS SHIRT LIGHT GREY S,0,2,0,0,179000,358000,358000
Sep-2026,MAMU MAKASSAR,COLLAR SHIRT MAMU,RELAXED STAND COLLAR LS SHIRT LIGHT GREY XL,0,3,0,0,179000,537000,0
Okt-2026,MAMU MAKASSAR,COLLAR SHIRT MAMU,RELAXED STAND COLLAR LS SHIRT LIGHT GREY XL,0,3,0,0,179000,537000,537000
Sep-2026,MAMU MAKASSAR,COLLAR SHIRT MAMU,RELAXED STAND COLLAR SS SHIRT BLACK L,0,17,0,0,159000,2703000,0
Okt-2026,MAMU MAKASSAR,COLLAR SHIRT MAMU,RELAXED STAND COLLAR SS SHIRT BLACK L,0,17,0,0,159000,2703000,2703000
Sep-2026,MAMU MAKASSAR,COLLAR SHIRT MAMU,RELAXED STAND COLLAR SS SHIRT BLACK M,0,17,0,0,159000,2703000,0
Okt-2026,MAMU MAKASSAR,COLLAR SHIRT MAMU,RELAXED STAND COLLAR SS SHIRT BLACK M,0,17,0,0,159000,2703000,2703000
Sep-2026,MAMU MAKASSAR,COLLAR SHIRT MAMU,RELAXED STAND COLLAR SS SHIRT BLACK S,0,5,0,0,159000,795000,0
Okt-2026,MAMU MAKASSAR,COLLAR SHIRT MAMU,RELAXED STAND COLLAR SS SHIRT BLACK S,0,5,0,0,159000,795000,795000
Sep-2026,MAMU MAKASSAR,COLLAR SHIRT MAMU,RELAXED STAND COLLAR SS SHIRT BLACK XL,0,6,0,0,159000,954000,0
Okt-2026,MAMU MAKASSAR,COLLAR SHIRT MAMU,RELAXED STAND COLLAR SS SHIRT BLACK XL,0,6,0,0,159000,954000,954000
Sep-2026,MAMU MAKASSAR,COLLAR SHIRT MAMU,RELAXED STAND COLLAR SS SHIRT CREAM L,76619,8,0,0,159000,1272000,0
Okt-2026,MAMU MAKASSAR,COLLAR SHIRT MAMU,RELAXED STAND COLLAR SS SHIRT CREAM L,0,7,0,0,159000,1113000,1272000
Sep-2026,MAMU MAKASSAR,COLLAR SHIRT MAMU,RELAXED STAND COLLAR SS SHIRT CREAM M,0,8,0,0,159000,1272000,0
Okt-2026,MAMU MAKASSAR,COLLAR SHIRT MAMU,RELAXED STAND COLLAR SS SHIRT CREAM M,0,8,0,0,159000,1272000,1272000
Sep-2026,MAMU MAKASSAR,COLLAR SHIRT MAMU,RELAXED STAND COLLAR SS SHIRT CREAM S,0,2,0,0,159000,318000,0
Okt-2026,MAMU MAKASSAR,COLLAR SHIRT MAMU,RELAXED STAND COLLAR SS SHIRT CREAM S,0,2,0,0,159000,318000,318000
Sep-2026,MAMU MAKASSAR,COLLAR SHIRT MAMU,RELAXED STAND COLLAR SS SHIRT CREAM XL,0,4,0,0,159000,636000,0
Okt-2026,MAMU MAKASSAR,COLLAR SHIRT MAMU,RELAXED STAND COLLAR SS SHIRT CREAM XL,76619,3,0,0,159000,477000,636000
Sep-2026,MAMU MAKASSAR,COLLAR SHIRT MAMU,RELAXED STAND COLLAR SS SHIRT NAVY L,0,8,0,0,159000,1272000,0
Okt-2026,MAMU MAKASSAR,COLLAR SHIRT MAMU,RELAXED STAND COLLAR SS SHIRT NAVY L,76619,7,0,0,159000,1113000,1272000
Sep-2026,MAMU MAKASSAR,COLLAR SHIRT MAMU,RELAXED STAND COLLAR SS SHIRT NAVY M,0,8,0,0,159000,1272000,0
Okt-2026,MAMU MAKASSAR,COLLAR SHIRT MAMU,RELAXED STAND COLLAR SS SHIRT NAVY M,0,8,0,0,159000,1272000,1272000
Sep-2026,MAMU MAKASSAR,COLLAR SHIRT MAMU,RELAXED STAND COLLAR SS SHIRT NAVY S,0,2,0,0,159000,318000,0
Okt-2026,MAMU MAKASSAR,COLLAR SHIRT MAMU,RELAXED STAND COLLAR SS SHIRT NAVY S,0,2,0,0,159000,318000,318000
Sep-2026,MAMU MAKASSAR,COLLAR SHIRT MAMU,RELAXED STAND COLLAR SS SHIRT NAVY XL,0,3,0,0,159000,477000,0
Okt-2026,MAMU MAKASSAR,COLLAR SHIRT MAMU,RELAXED STAND COLLAR SS SHIRT NAVY XL,0,3,0,0,159000,477000,477000
Sep-2026,MAMU MAKASSAR,COLLAR SHIRT MAMU,RELAXED STAND COLLAR SS SHIRT OLIVE L,0,8,0,0,159000,1272000,0
Okt-2026,MAMU MAKASSAR,COLLAR SHIRT MAMU,RELAXED STAND COLLAR SS SHIRT OLIVE L,76619,7,0,0,159000,1113000,1272000
Sep-2026,MAMU MAKASSAR,COLLAR SHIRT MAMU,RELAXED STAND COLLAR SS SHIRT OLIVE M,0,8,0,0,159000,1272000,0
Okt-2026,MAMU MAKASSAR,COLLAR SHIRT MAMU,RELAXED STAND COLLAR SS SHIRT OLIVE M,0,8,0,0,159000,1272000,1272000
Sep-2026,MAMU MAKASSAR,COLLAR SHIRT MAMU,RELAXED STAND COLLAR SS SHIRT OLIVE S,0,3,0,0,159000,477000,0
Okt-2026,MAMU MAKASSAR,COLLAR SHIRT MAMU,RELAXED STAND COLLAR SS SHIRT OLIVE S,76619,2,0,0,159000,318000,477000
Sep-2026,MAMU MAKASSAR,COLLAR SHIRT MAMU,RELAXED STAND COLLAR SS SHIRT OLIVE XL,0,3,0,0,159000,477000,0
Okt-2026,MAMU MAKASSAR,COLLAR SHIRT MAMU,RELAXED STAND COLLAR SS SHIRT OLIVE XL,0,3,0,0,159000,477000,477000
Sep-2026,TIGALAPANKAOS PALU,COLLAR SHIRT MAMU,RELAXED STAND COLLAR LS SHIRT BLACK L,0,11,0,0,179000,1969000,0
Okt-2026,TIGALAPANKAOS PALU,COLLAR SHIRT MAMU,RELAXED STAND COLLAR LS SHIRT BLACK L,0,11,0,0,179000,1969000,1969000
Sep-2026,TIGALAPANKAOS PALU,COLLAR SHIRT MAMU,RELAXED STAND COLLAR LS SHIRT BLACK M,0,12,0,0,179000,2148000,0
Okt-2026,TIGALAPANKAOS PALU,COLLAR SHIRT MAMU,RELAXED STAND COLLAR LS SHIRT BLACK M,0,12,0,0,179000,2148000,2148000
Sep-2026,TIGALAPANKAOS PALU,COLLAR SHIRT MAMU,RELAXED STAND COLLAR LS SHIRT BLACK S,0,4,0,0,179000,716000,0
Okt-2026,TIGALAPANKAOS PALU,COLLAR SHIRT MAMU,RELAXED STAND COLLAR LS SHIRT BLACK S,0,4,0,0,179000,716000,716000
Sep-2026,TIGALAPANKAOS PALU,COLLAR SHIRT MAMU,RELAXED STAND COLLAR LS SHIRT BLACK XL,0,5,0,0,179000,895000,0
Okt-2026,TIGALAPANKAOS PALU,COLLAR SHIRT MAMU,RELAXED STAND COLLAR LS SHIRT BLACK XL,0,5,0,0,179000,895000,895000
Sep-2026,TIGALAPANKAOS PALU,COLLAR SHIRT MAMU,RELAXED STAND COLLAR LS SHIRT BROKEN WHITE L,0,6,0,0,179000,1074000,0
Okt-2026,TIGALAPANKAOS PALU,COLLAR SHIRT MAMU,RELAXED STAND COLLAR LS SHIRT BROKEN WHITE L,0,6,0,0,179000,1074000,1074000
Sep-2026,TIGALAPANKAOS PALU,COLLAR SHIRT MAMU,RELAXED STAND COLLAR LS SHIRT BROKEN WHITE M,0,6,0,0,179000,1074000,0
Okt-2026,TIGALAPANKAOS PALU,COLLAR SHIRT MAMU,RELAXED STAND COLLAR LS SHIRT BROKEN WHITE M,0,6,0,0,179000,1074000,1074000
Sep-2026,TIGALAPANKAOS PALU,COLLAR SHIRT MAMU,RELAXED STAND COLLAR LS SHIRT BROKEN WHITE S,0,2,0,0,179000,358000,0
Okt-2026,TIGALAPANKAOS PALU,COLLAR SHIRT MAMU,RELAXED STAND COLLAR LS SHIRT BROKEN WHITE S,0,2,0,0,179000,358000,358000
Sep-2026,TIGALAPANKAOS PALU,COLLAR SHIRT MAMU,RELAXED STAND COLLAR LS SHIRT BROKEN WHITE XL,0,2,0,0,179000,358000,0
Okt-2026,TIGALAPANKAOS PALU,COLLAR SHIRT MAMU,RELAXED STAND COLLAR LS SHIRT BROKEN WHITE XL,0,2,0,0,179000,358000,358000
Sep-2026,TIGALAPANKAOS PALU,COLLAR SHIRT MAMU,RELAXED STAND COLLAR LS SHIRT ECRU L,0,5,0,0,179000,895000,0
Okt-2026,TIGALAPANKAOS PALU,COLLAR SHIRT MAMU,RELAXED STAND COLLAR LS SHIRT ECRU L,0,5,0,0,179000,895000,895000
Sep-2026,TIGALAPANKAOS PALU,COLLAR SHIRT MAMU,RELAXED STAND COLLAR LS SHIRT ECRU M,0,5,0,0,179000,895000,0
Okt-2026,TIGALAPANKAOS PALU,COLLAR SHIRT MAMU,RELAXED STAND COLLAR LS SHIRT ECRU M,0,5,0,0,179000,895000,895000
Sep-2026,TIGALAPANKAOS PALU,COLLAR SHIRT MAMU,RELAXED STAND COLLAR LS SHIRT ECRU S,0,1,0,0,179000,179000,0
Okt-2026,TIGALAPANKAOS PALU,COLLAR SHIRT MAMU,RELAXED STAND COLLAR LS SHIRT ECRU S,0,1,0,0,179000,179000,179000
Sep-2026,TIGALAPANKAOS PALU,COLLAR SHIRT MAMU,RELAXED STAND COLLAR LS SHIRT ECRU XL,0,2,0,0,179000,358000,0
Okt-2026,TIGALAPANKAOS PALU,COLLAR SHIRT MAMU,RELAXED STAND COLLAR LS SHIRT ECRU XL,0,2,0,0,179000,358000,358000
Sep-2026,TIGALAPANKAOS PALU,COLLAR SHIRT MAMU,RELAXED STAND COLLAR LS SHIRT LIGHT GREY L,0,5,0,0,179000,895000,0
Okt-2026,TIGALAPANKAOS PALU,COLLAR SHIRT MAMU,RELAXED STAND COLLAR LS SHIRT LIGHT GREY L,0,5,0,0,179000,895000,895000
Sep-2026,TIGALAPANKAOS PALU,COLLAR SHIRT MAMU,RELAXED STAND COLLAR LS SHIRT LIGHT GREY M,0,6,0,0,179000,1074000,0
Okt-2026,TIGALAPANKAOS PALU,COLLAR SHIRT MAMU,RELAXED STAND COLLAR LS SHIRT LIGHT GREY M,0,6,0,0,179000,1074000,1074000
Sep-2026,TIGALAPANKAOS PALU,COLLAR SHIRT MAMU,RELAXED STAND COLLAR LS SHIRT LIGHT GREY S,0,1,0,0,179000,179000,0
Okt-2026,TIGALAPANKAOS PALU,COLLAR SHIRT MAMU,RELAXED STAND COLLAR LS SHIRT LIGHT GREY S,0,1,0,0,179000,179000,179000
Sep-2026,TIGALAPANKAOS PALU,COLLAR SHIRT MAMU,RELAXED STAND COLLAR LS SHIRT LIGHT GREY XL,0,3,0,0,179000,537000,0
Okt-2026,TIGALAPANKAOS PALU,COLLAR SHIRT MAMU,RELAXED STAND COLLAR LS SHIRT LIGHT GREY XL,0,3,0,0,179000,537000,537000
Sep-2026,TIGALAPANKAOS PALU,COLLAR SHIRT MAMU,RELAXED STAND COLLAR SS SHIRT BLACK L,0,15,0,0,159000,2385000,0
Okt-2026,TIGALAPANKAOS PALU,COLLAR SHIRT MAMU,RELAXED STAND COLLAR SS SHIRT BLACK L,0,15,0,0,159000,2385000,2385000
Sep-2026,TIGALAPANKAOS PALU,COLLAR SHIRT MAMU,RELAXED STAND COLLAR SS SHIRT BLACK M,0,14,0,0,159000,2226000,0
Okt-2026,TIGALAPANKAOS PALU,COLLAR SHIRT MAMU,RELAXED STAND COLLAR SS SHIRT BLACK M,0,14,0,0,159000,2226000,2226000
Sep-2026,TIGALAPANKAOS PALU,COLLAR SHIRT MAMU,RELAXED STAND COLLAR SS SHIRT BLACK S,0,4,0,0,159000,636000,0
Okt-2026,TIGALAPANKAOS PALU,COLLAR SHIRT MAMU,RELAXED STAND COLLAR SS SHIRT BLACK S,0,4,0,0,159000,636000,636000
Sep-2026,TIGALAPANKAOS PALU,COLLAR SHIRT MAMU,RELAXED STAND COLLAR SS SHIRT BLACK XL,0,5,0,0,159000,795000,0
Okt-2026,TIGALAPANKAOS PALU,COLLAR SHIRT MAMU,RELAXED STAND COLLAR SS SHIRT BLACK XL,0,5,0,0,159000,795000,795000
Sep-2026,TIGALAPANKAOS PALU,COLLAR SHIRT MAMU,RELAXED STAND COLLAR SS SHIRT CREAM L,0,6,0,0,159000,954000,0
Okt-2026,TIGALAPANKAOS PALU,COLLAR SHIRT MAMU,RELAXED STAND COLLAR SS SHIRT CREAM L,0,6,0,0,159000,954000,954000
Sep-2026,TIGALAPANKAOS PALU,COLLAR SHIRT MAMU,RELAXED STAND COLLAR SS SHIRT CREAM M,0,8,0,0,159000,1272000,0
Okt-2026,TIGALAPANKAOS PALU,COLLAR SHIRT MAMU,RELAXED STAND COLLAR SS SHIRT CREAM M,0,8,0,0,159000,1272000,1272000
Sep-2026,TIGALAPANKAOS PALU,COLLAR SHIRT MAMU,RELAXED STAND COLLAR SS SHIRT CREAM S,0,1,0,0,159000,159000,0
Okt-2026,TIGALAPANKAOS PALU,COLLAR SHIRT MAMU,RELAXED STAND COLLAR SS SHIRT CREAM S,0,1,0,0,159000,159000,159000
Sep-2026,TIGALAPANKAOS PALU,COLLAR SHIRT MAMU,RELAXED STAND COLLAR SS SHIRT CREAM XL,0,2,0,0,159000,318000,0
Okt-2026,TIGALAPANKAOS PALU,COLLAR SHIRT MAMU,RELAXED STAND COLLAR SS SHIRT CREAM XL,0,2,0,0,159000,318000,318000
Sep-2026,TIGALAPANKAOS PALU,COLLAR SHIRT MAMU,RELAXED STAND COLLAR SS SHIRT NAVY L,0,8,0,0,159000,1272000,0
Okt-2026,TIGALAPANKAOS PALU,COLLAR SHIRT MAMU,RELAXED STAND COLLAR SS SHIRT NAVY L,0,8,0,0,159000,1272000,1272000
Sep-2026,TIGALAPANKAOS PALU,COLLAR SHIRT MAMU,RELAXED STAND COLLAR SS SHIRT NAVY M,0,8,0,0,159000,1272000,0
Okt-2026,TIGALAPANKAOS PALU,COLLAR SHIRT MAMU,RELAXED STAND COLLAR SS SHIRT NAVY M,0,8,0,0,159000,1272000,1272000
Sep-2026,TIGALAPANKAOS PALU,COLLAR SHIRT MAMU,RELAXED STAND COLLAR SS SHIRT NAVY S,0,1,0,0,159000,159000,0
Okt-2026,TIGALAPANKAOS PALU,COLLAR SHIRT MAMU,RELAXED STAND COLLAR SS SHIRT NAVY S,0,1,0,0,159000,159000,159000
Sep-2026,TIGALAPANKAOS PALU,COLLAR SHIRT MAMU,RELAXED STAND COLLAR SS SHIRT NAVY XL,0,3,0,0,159000,477000,0
Okt-2026,TIGALAPANKAOS PALU,COLLAR SHIRT MAMU,RELAXED STAND COLLAR SS SHIRT NAVY XL,0,3,0,0,159000,477000,477000
Sep-2026,TIGALAPANKAOS PALU,COLLAR SHIRT MAMU,RELAXED STAND COLLAR SS SHIRT OLIVE L,76619,8,0,0,159000,1272000,0
Okt-2026,TIGALAPANKAOS PALU,COLLAR SHIRT MAMU,RELAXED STAND COLLAR SS SHIRT OLIVE L,0,7,0,0,159000,1113000,1272000
Sep-2026,TIGALAPANKAOS PALU,COLLAR SHIRT MAMU,RELAXED STAND COLLAR SS SHIRT OLIVE M,0,5,0,0,159000,795000,0
Okt-2026,TIGALAPANKAOS PALU,COLLAR SHIRT MAMU,RELAXED STAND COLLAR SS SHIRT OLIVE M,0,5,0,0,159000,795000,795000
Sep-2026,TIGALAPANKAOS PALU,COLLAR SHIRT MAMU,RELAXED STAND COLLAR SS SHIRT OLIVE S,0,2,0,0,159000,318000,0
Okt-2026,TIGALAPANKAOS PALU,COLLAR SHIRT MAMU,RELAXED STAND COLLAR SS SHIRT OLIVE S,0,2,0,0,159000,318000,318000
Sep-2026,TIGALAPANKAOS PALU,COLLAR SHIRT MAMU,RELAXED STAND COLLAR SS SHIRT OLIVE XL,0,3,0,0,159000,477000,0
Okt-2026,TIGALAPANKAOS PALU,COLLAR SHIRT MAMU,RELAXED STAND COLLAR SS SHIRT OLIVE XL,0,3,0,0,159000,477000,477000
Sep-2026,DC TIGALAPAN,COLLAR SHIRT MAMU,RELAXED STAND COLLAR LS SHIRT BLACK L,0,1,0,0,179000,179000,0
Okt-2026,DC TIGALAPAN,COLLAR SHIRT MAMU,RELAXED STAND COLLAR LS SHIRT BLACK L,0,1,0,0,179000,179000,179000
Sep-2026,DC TIGALAPAN,COLLAR SHIRT MAMU,RELAXED STAND COLLAR LS SHIRT LIGHT GREY L,0,1,0,0,179000,179000,0
Okt-2026,DC TIGALAPAN,COLLAR SHIRT MAMU,RELAXED STAND COLLAR LS SHIRT LIGHT GREY L,0,1,0,0,179000,179000,179000
Sep-2026,DC TIGALAPAN,COLLAR SHIRT MAMU,RELAXED STAND COLLAR SS SHIRT CREAM S,0,1,0,0,159000,159000,0
Okt-2026,DC TIGALAPAN,COLLAR SHIRT MAMU,RELAXED STAND COLLAR SS SHIRT CREAM S,0,1,0,0,159000,159000,159000
